<?xml version="1.0" encoding="utf-8"?>
<shortcuts>
	<item text="Document" path="Document" index="1"/>
	<item text="ControlPanel" path="ControlPanel" index="3"/>
	<item text="Network" path="Network" index="4"/>
	<item text="RecycleBin" path="RecycleBin" index="5"/>
	<item text="RasLink" path="RasLink" index="7"/>
	<item isFolder="true" text="NewFolder" index="6" folderGUID="{9DCD9A26-6890-4009-B368-B7047E35856D}">
		<item text="Music" path="Music"/>
		<item text="Pictures" path="Pictures" index="1"/>
	</item>
	<item path="http://www.google.com" text="IE Browser" index="2" icon="Default\IE.png" showCmd="1"/>
	<item path="Computer" text="Computer"/>
	<item path="C:\" text="C" page="1" icon="Default\Disk.png"/>
	<item path="D:\" text="D" page="1" index="1" icon="Default\Disk.png"/>
	<item path="Shutdown" text="Shutdown" page="1" index="2"/>
	<item path="Restart" text="Restart" page="1" index="3"/>
	<item path="Logout" text="Logout" page="1" index="4"/>
	<item path="Sleep" text="Sleep" page="1" index="5"/>
	<item path="CloseMonitor" text="CloseMonitor" page="1" index="6"/>
</shortcuts>
